spA_par,spB_par,Dissimilarity,Exclusivity,D,I,a_A,b_A,alpha_A,gamma_A,a_B,b_B,alpha_B,gamma_B,ND_magnitude,ND_angle
5198,5198,0,0,1,1,32,35,10,10,32,35,10,10,0,0
5198,5199,0.637,0.334,0.3120264312527121,0.5451517420720612,32,35,10,10,33,35,10,10,0.7192530848039513,27.669497176773678
5198,5200,0.983,0.667,0.007745347493593346,0.3093780643600358,32,35,10,10,34,35,10,10,1.1879301326256524,34.1582691711514
