spA_par,spB_par,Dissimilarity,Exclusivity,D,I,a_A,b_A,alpha_A,gamma_A,a_B,b_B,alpha_B,gamma_B,ND_magnitude,ND_angle
5199,5199,0,0,1,1,33,35,10,10,33,35,10,10,0,0
5199,5200,0.875,0.501,0.08980751644893659,0.3861409518933674,33,35,10,10,34,35,10,10,1.008278731303998,29.794219512892273
