spA_par,spB_par,Dissimilarity,Exclusivity,D,I,a_A,b_A,alpha_A,gamma_A,a_B,b_B,alpha_B,gamma_B,ND_magnitude,ND_angle
5193,5193,0,0,1,1,27,35,10,10,27,35,10,10,0,0
5193,5194,0.24,0.125,0.7658183273071744,0.8421181883563532,27,35,10,10,28,35,10,10,0.2706011825546962,27.512002623851455
5193,5195,0.484,0.25,0.514051102585774,0.675537357199752,27,35,10,10,29,35,10,10,0.5447531551078892,27.317661806452566
5193,5196,0.706,0.375,0.2711043056288892,0.516449229936941,27,35,10,10,30,35,10,10,0.7994129095780227,27.975518453835754
5193,5197,0.875,0.5,0.10196066725312913,0.39723104500298567,27,35,10,10,31,35,10,10,1.0077822185373186,29.74488129694222
5193,5198,0.968,0.625,0.025940317666338752,0.3307572522206733,27,35,10,10,32,35,10,10,1.1522365208584564,32.848760024616254
5193,5199,0.997,0.75,0.001881205579791989,0.29921179362021366,27,35,10,10,33,35,10,10,1.2476012984924312,36.952562227091214
5193,5200,1,0.876,3.914598268317526e-6,0.29306092309877374,27,35,10,10,34,35,10,10,1.3294269442131825,41.218359795425336
