spA_par,spB_par,Dissimilarity,Exclusivity,D,I,a_A,b_A,alpha_A,gamma_A,a_B,b_B,alpha_B,gamma_B,ND_magnitude,ND_angle
5192,5192,0,0,1,1,26,35,10,10,26,35,10,10,0,0
5192,5193,0.212,0.111,0.7900801915038247,0.8582219049187931,26,35,10,10,27,35,10,10,0.23930106560565081,27.635875631864955
5192,5194,0.431,0.222,0.5743947572979458,0.7136842789643207,26,35,10,10,28,35,10,10,0.48481439747598254,27.252144745479598
5192,5195,0.637,0.333,0.3622274698134934,0.5735690346011002,26,35,10,10,29,35,10,10,0.7187892597973345,27.59890137707811
5192,5196,0.808,0.445,0.17624747180245148,0.44901667489724617,26,35,10,10,30,35,10,10,0.9224364476753941,28.843448660081215
5192,5197,0.925,0.556,0.05842770362110883,0.36170972023338577,26,35,10,10,31,35,10,10,1.0792409369552287,31.009279944958042
5192,5198,0.983,0.667,0.012960064746931232,0.31661348568059533,26,35,10,10,32,35,10,10,1.1879301326256524,34.1582691711514
5192,5199,0.999,0.778,8.205888225266689e-4,0.29665065408830915,26,35,10,10,33,35,10,10,1.266208908513915,37.910701733027835
5192,5200,1,0.889,1.400118418093399e-6,0.29298745454042896,26,35,10,10,34,35,10,10,1.3380287739805896,41.63709543013025
