spA_par,spB_par,Dissimilarity,Exclusivity,D,I,a_A,b_A,alpha_A,gamma_A,a_B,b_B,alpha_B,gamma_B,ND_magnitude,ND_angle
5195,5195,0,0,1,1,29,35,10,10,29,35,10,10,0,0
5195,5196,0.322,0.167,0.6557729053955625,0.7737367865417345,29,35,10,10,30,35,10,10,0.3627299270807415,27.412769036382237
5195,5197,0.637,0.333,0.33539984270067846,0.5589261722450571,29,35,10,10,31,35,10,10,0.7187892597973345,27.59890137707811
5195,5198,0.875,0.5,0.11530566626701588,0.404738222065252,29,35,10,10,32,35,10,10,1.0077822185373186,29.74488129694222
5195,5199,0.983,0.667,0.012398795187480438,0.3146503354611526,29,35,10,10,33,35,10,10,1.1879301326256524,34.1582691711514
5195,5200,1,0.834,4.530584525019865e-5,0.293580380820188,29,35,10,10,34,35,10,10,1.3021351696348578,39.82810630428432
