spA_par,spB_par,Dissimilarity,Exclusivity,D,I,a_A,b_A,alpha_A,gamma_A,a_B,b_B,alpha_B,gamma_B,ND_magnitude,ND_angle
5197,5197,0,0,1,1,31,35,10,10,31,35,10,10,0,0
5197,5198,0.484,0.25,0.5142081001605974,0.6773729671024944,31,35,10,10,32,35,10,10,0.5447531551078892,27.317661806452566
5197,5199,0.875,0.5,0.10091995354248617,0.3935003376740245,31,35,10,10,33,35,10,10,1.0077822185373186,29.74488129694222
5197,5200,0.997,0.75,0.0010303784529942517,0.2974450959202489,31,35,10,10,34,35,10,10,1.2476012984924312,36.952562227091214
