spA_par,spB_par,Dissimilarity,Exclusivity,D,I,a_A,b_A,alpha_A,gamma_A,a_B,b_B,alpha_B,gamma_B,ND_magnitude,ND_angle
5196,5196,0,0,1,1,30,35,10,10,30,35,10,10,0,0
5196,5197,0.387,0.2,0.60855420683078,0.7355782811957752,30,35,10,10,31,35,10,10,0.4356248385939443,27.329733834927215
5196,5198,0.745,0.4,0.24954305622865014,0.49982620110587106,30,35,10,10,32,35,10,10,0.8455915089450697,28.23191825866356
5196,5199,0.955,0.6,0.035030577329963175,0.33817885161600103,30,35,10,10,33,35,10,10,1.1278408575681234,32.1400065024331
5196,5200,0.999,0.8,1.979727806629139e-4,0.2945417026241899,30,35,10,10,34,35,10,10,1.2798441311347253,38.687774465176346
