spA_par,spB_par,Dissimilarity,Exclusivity,D,I,a_A,b_A,alpha_A,gamma_A,a_B,b_B,alpha_B,gamma_B,ND_magnitude,ND_angle
5194,5194,0,0,1,1,28,35,10,10,28,35,10,10,0,0
5194,5195,0.275,0.143,0.7205985896583925,0.8142985724464219,28,35,10,10,29,35,10,10,0.30995806167931816,27.474431626277127
5194,5196,0.551,0.286,0.41991581620339147,0.6180072607392195,28,35,10,10,30,35,10,10,0.6208035115880064,27.4318520232045
5194,5197,0.787,0.429,0.18208480241844827,0.45625354206182556,28,35,10,10,31,35,10,10,0.8963314119230676,28.595154943816603
5194,5198,0.937,0.572,0.05380173556693646,0.3561472111326903,28,35,10,10,32,35,10,10,1.0977946073833666,31.402350245322836
5194,5199,0.993,0.715,0.0046204040884975095,0.3041750904641437,28,35,10,10,33,35,10,10,1.2236314804711426,35.75540723797567
5194,5200,1,0.857,1.2365936468583527e-5,0.2932156326169093,28,35,10,10,34,35,10,10,1.3169848138835922,40.59657583596283
