spA_par,spB_par,Dissimilarity,Exclusivity,D,I,a_A,b_A,alpha_A,gamma_A,a_B,b_B,alpha_B,gamma_B
5199,5199,0,0,1,1,33,35,10,10,33,35,10,10
5199,5200,0.875,0.501,0.7630031573422977,0.7515322134807042,33,35,10,10,34,35,10,10
