spA_par,spB_par,Dissimilarity,Exclusivity,D,I,a_A,b_A,alpha_A,gamma_A,a_B,b_B,alpha_B,gamma_B
5195,5195,0,0,1,1,29,35,10,10,29,35,10,10
5195,5196,0.322,0.167,0.7945513750539969,0.8472375690236249,29,35,10,10,30,35,10,10
5195,5197,0.637,0.333,0.6178076194180662,0.7172560320391608,29,35,10,10,31,35,10,10
5195,5198,0.875,0.5,0.5132383105095846,0.6420900917976835,29,35,10,10,32,35,10,10
5195,5199,0.983,0.667,0.5039585744958377,0.6256525798700757,29,35,10,10,33,35,10,10
5195,5200,1,0.834,0.5287912287685324,0.6493478151832306,29,35,10,10,34,35,10,10
