spA_par,spB_par,Dissimilarity,Exclusivity,D,I,a_A,b_A,alpha_A,gamma_A,a_B,b_B,alpha_B,gamma_B
5193,5193,0,0,1,1,27,35,10,10,27,35,10,10
5193,5194,0.24,0.125,0.8460110802426367,0.886238922903357,27,35,10,10,28,35,10,10
5193,5195,0.484,0.25,0.6851081834442974,0.7705922422594932,27,35,10,10,29,35,10,10
5193,5196,0.706,0.375,0.5385263066478574,0.6679876160372002,27,35,10,10,30,35,10,10
5193,5197,0.875,0.5,0.4460125037957763,0.6025073407874251,27,35,10,10,31,35,10,10
5193,5198,0.968,0.625,0.4219224212066802,0.5783607053835066,27,35,10,10,32,35,10,10
5193,5199,0.997,0.75,0.4406950951352313,0.5856766406378098,27,35,10,10,33,35,10,10
5193,5200,1,0.876,0.4596898476029395,0.6103729114502604,27,35,10,10,34,35,10,10
