spA_par,spB_par,Dissimilarity,Exclusivity,D,I,a_A,b_A,alpha_A,gamma_A,a_B,b_B,alpha_B,gamma_B
5197,5197,0,0,1,1,31,35,10,10,31,35,10,10
5197,5198,0.484,0.25,0.7557812499337219,0.8152193216857063,31,35,10,10,32,35,10,10
5197,5199,0.875,0.5,0.591405381107384,0.693727434849455,31,35,10,10,33,35,10,10
5197,5200,0.997,0.75,0.5821305345771373,0.6856361537691913,31,35,10,10,34,35,10,10
