spA_par,spB_par,Dissimilarity,Exclusivity,D,I,a_A,b_A,alpha_A,gamma_A,a_B,b_B,alpha_B,gamma_B
5196,5196,0,0,1,1,30,35,10,10,30,35,10,10
5196,5197,0.387,0.2,0.7861138821518241,0.8349524432061088,30,35,10,10,31,35,10,10
5196,5198,0.745,0.4,0.6084731966260234,0.7081717902781721,30,35,10,10,32,35,10,10
5196,5199,0.955,0.6,0.5433362900631784,0.6558493717546612,30,35,10,10,33,35,10,10
5196,5200,0.999,0.8,0.563738382964437,0.672296953664135,30,35,10,10,34,35,10,10
