spA_par,spB_par,Dissimilarity,Exclusivity,D,I,a_A,b_A,alpha_A,gamma_A,a_B,b_B,alpha_B,gamma_B
5194,5194,0,0,1,1,28,35,10,10,28,35,10,10
5194,5195,0.275,0.143,0.8216544369087376,0.8688569912035871,28,35,10,10,29,35,10,10
5194,5196,0.551,0.286,0.6408640281686409,0.7384267769028997,28,35,10,10,30,35,10,10
5194,5197,0.787,0.429,0.5090105591998082,0.6446099581735858,28,35,10,10,31,35,10,10
5194,5198,0.937,0.572,0.4552442344413924,0.6016585670565935,28,35,10,10,32,35,10,10
5194,5199,0.993,0.715,0.4682178103371478,0.6015024373686392,28,35,10,10,33,35,10,10
5194,5200,1,0.857,0.4892758002288765,0.6263817718554683,28,35,10,10,34,35,10,10
