spA_par,spB_par,Dissimilarity,Exclusivity,D,I,a_A,b_A,alpha_A,gamma_A,a_B,b_B,alpha_B,gamma_B
5192,5192,0,0,1,1,26,35,10,10,26,35,10,10
5192,5193,0.212,0.111,0.859480688078396,0.8958857484728006,26,35,10,10,27,35,10,10
5192,5194,0.431,0.222,0.7175396146777201,0.7934272997462417,26,35,10,10,28,35,10,10
5192,5195,0.637,0.333,0.5818750778127799,0.6990338671267196,26,35,10,10,29,35,10,10
5192,5196,0.808,0.445,0.47003483523476086,0.622227607554906,26,35,10,10,30,35,10,10
5192,5197,0.925,0.556,0.40786855812622425,0.577589962839343,26,35,10,10,31,35,10,10
5192,5198,0.983,0.667,0.40068341541491015,0.5646654767787107,26,35,10,10,32,35,10,10
5192,5199,0.999,0.778,0.4207762409158492,0.5757376914120405,26,35,10,10,33,35,10,10
5192,5200,1,0.889,0.43865526636197405,0.6000827599385108,26,35,10,10,34,35,10,10
