spA_par,spB_par,Dissimilarity,Exclusivity,D,I,a_A,b_A,alpha_A,gamma_A,a_B,b_B,alpha_B,gamma_B
5198,5198,0,0,1,1,32,35,10,10,32,35,10,10
5198,5199,0.637,0.334,0.7149328475556747,0.7770111551977816,32,35,10,10,33,35,10,10
5198,5200,0.983,0.667,0.6273316803110729,0.6989985468596319,32,35,10,10,34,35,10,10
